Filter by My Status:;;;;;;;;;;;;;
No filters applied;;;;;;;;;;;;;
Filter by Open Status:ÊNo filterÊÊOpen programmes onlyÊÊRecently opened onlyÊ;;;;;;;;;;;;;
Filter by Cover Letter:ÊNo filterÊÊCover letter requiredÊÊCover letter not requiredÊ;;;;;;;;;;;;;
;;;;;;;;;;;;;
My Status;Company Name;Programme Name;Opening Date;Closing Date;Latest Stage;Last Year Opening;Process;Info & Test Prep;Rolling;CV;Cover Letter;Written Answers;Notes
;;;Opening Date;Closing Date ;;;;;;;;;
;AlphaSights;Insight Days, Client Service;18.Nov.25;;;14.Oct.24;VI;;Yes;Yes;Optional;No;Can fast-track interview process for full-time positions
;Wincent;Quant Research/Trading Internship - Summer 2026;21.Sep.25;;;22.Nov.24;OA > TI > VI > VI > AC;;Yes;Yes;No;No;Based in Slovakia, open to students in UK
;Newton;Summer Academy 2025/6;24.Nov.25;05.Dec.25;;;OA > HV > AC;;Yes;Yes;No;No;
;Piper Sandler;2026 Summer Analyst Programme;06.Oct.25;06.Oct.25;Offers Out;07.Nov.24;;;Yes;Yes;Yes;No;"London roles filled from Spring Week; applications for Aberdeen now closed"
;D.E. Shaw;Trader/Analyst Intern (London) - Summer 2026;15.Jun.25;21.Jan.26;Offers Out;28.May.24;;;Yes;Yes;No;No;
;;;;;;;;;;;;;
;Tide Insurance;2026 Summer Placement;24.Nov.25;11.Dec.25;;;;;Yes;Yes;Optional;No;
;;;;;;;;;;;;;
;Citi;Summer Analyst 2026;06.Jan.26;;Offers Out;30.Aug.24;OA > VI > AC;Plum;Yes;Yes;No;No;
;Barclays;Summer Internship Programme 2026;25.Aug.25;;Offers Out;02.Sep.24;OA > HV > TI > AC;SHL;Yes;Yes;No;No;
;Goldman Sachs;2026 Summer Analyst Programme;15.Aug.25;;Offers Out;15.Aug.24;HV > AC;Goldman Sachs Prep;Yes;Yes;Yes;No;
;Deutsche Bank;Internship Programme 2026;07.Sep.25;31.Oct.25;Offers Out;15.Sep.24;OA > HV > AC;SHL;Yes;Yes;No;No;
;UBS;2026 Summer Intern Program;01.Sep.25;31.Oct.25;Offers Out;30.Aug.24;OA > HV > AC;Cut-e;Yes;Yes;No;Yes;
;J.P. Morgan;2026 Summer Internship Program;31.Aug.25;02.Nov.25;Offers Out;31.Aug.24;HV > AC;J.P. Morgan Prep;Yes;Yes;Yes;No;
;Morgan Stanley;2026 Summer Analyst Programme;31.Aug.25;30.Nov.25;Offers Out;01.Sep.24;OA > HV > TI > AC;Cut-e;Yes;Yes;Yes;No;
;Bank of America;Summer 2026 Analyst Programme;30.Aug.25;03.Oct.25;Offers Out;17.Aug.24;HV > TI > AC;BAML Prep;Yes;Yes;No;Yes;
;;;;;;;;;;;;;
;Moelis & Co;2026 Summer Analyst, Equity Capital Markets;16.Jan.26;15.Feb.26;;;OA > VI > AC;Test Partnership;Yes;Yes;No;No;
;Moelis & Co;2026 Summer Analyst, Private Capital Advisory;12.Jan.26;27.Jan.26;;;OA > VI > AC;Test Partnership;Yes;Yes;No;No;
;Lazard;2026 Summer Internship;19.Sep.25;14.Oct.25;Offers Out;20.Sep.24;OA > HV > AC > AC;Lazard SJT;Yes;Yes;No;No;
;Ardea Partners;2026 Summer Analyst Programme;03.Sep.25;13.Oct.25;First Round;;;;Yes;Yes;No;Yes;
;PJT Partners;2026 Summer Intern Analyst;31.Aug.25;20.Oct.25;Offers Out;29.Aug.24;OA > VI > AC;Suited;No;Yes;Yes;No;
;Centerview Partners;2026 Summer Internship (see notes);26.Aug.25;23.Sep.25;Offers Out;31.Jul.24;F2F > AC;;Yes;Yes;No;No;Note from HR: Resumes should have the following naming convention: CVPtrackr2025_LastName_FirstName.pdf
;Greenhill;2026 Summer Internship;26.Aug.25;13.Nov.25;First Round;29.Aug.24;VI > OA > VI > AC;;Yes;Yes;No;Yes;
;Raine Group;2026 Summer Analyst;25.Aug.25;13.Oct.25;First Round;09.Sep.24;8x TIs;;Yes;Yes;Yes;No;
;Perella Weinberg Partners;2026 Advisory Summer Analyst Programme;23.Aug.25;29.Sep.25;Offers Out;14.Aug.24;TI > VI > AC;;Yes;Yes;No;Yes;
;Qatalyst Partners;2026 M&A Advisory Summer Internship;18.Aug.25;12.Oct.25;AC;08.Sep.24;OA > VI > AC;;Yes;Yes;No;Yes;
;Evercore;Summer Internship (2026);17.Aug.25;13.Nov.25;Offers Out;18.Aug.24;HV > VI > AC;;Yes;Yes;No;No;
;Moelis & Co;2026 Summer Analyst, Investment Banking;14.Aug.25;21.Sep.25;Offers Out;24.Jul.24;OA > VI > AC;Test Partnership;Yes;Yes;No;No;
;Rothschild & Co.;2026 Summer Analyst Programme;12.Aug.25;30.Nov.25;Offers Out;27.Aug.24;OA > VI > VI > AC;Cappfinity;Yes;Yes;No;Yes;
;FT Partners;2026 Summer Analyst Programme;;;;;OA > HV > VI > VI > AC > VI;;Yes;Yes;Yes;No;
;;;;;;;;;;;;;
;Galaxy;2026 Summer Internship;03.Feb.26;;;11.Oct.24;;;Yes;Yes;Optional;Yes;
;Handelsbanken;Summer Internship 2026;31.Jan.26;11.Feb.26;;;;;Yes;Yes;Optional;No;
;BDO Global;2026 Summer Internship Programme;28.Jan.26;;Offers Out;20.Sep.24;;Arctic Shores;Yes;Yes;No;No;
;Berenberg;Summer Internship 2026;16.Jan.26;;;30.Aug.24;;;Yes;Yes;Optional;No;
;BTG Pactual;Internship | Special Situations;08.Jan.26;;;;;;Yes;Yes;Optional;No;Requires 18 months relevant experience (?!)
;Guggenheim Partners;2026 Investment Banking Analyst Intern Ð Healthcare;06.Jan.26;;;;;;Yes;Yes;No;No;
;Gneiss Energy;Summer Internship 2026;22.Dec.25;;;13.Nov.24;;;Yes;Yes;No;No;
;Loizou & Co;Financial Advisory Internship;27.Nov.25;;;;;;Yes;Yes;Yes;No;Apply by sending CV and a cover letter to careers@loizouco.com
;Pharus;Investment Banking Summer Analyst - 2026;13.Oct.25;;First Round;22.Nov.24;;;Yes;Yes;No;No;
;Alantra;FIG Summer Intern;22.Sep.25;;;19.Aug.24;;;Yes;Yes;No;No;
;RBC Capital Markets;2026 Summer Analyst;09.Sep.25;;Offers Out;03.Sep.24;OA > TI > AC;smartPredict;Yes;Yes;No;Yes;
;First Bank of Nigeria;2026 Summer Internship Programme;20.Jan.26;27.Jan.26;;;;;Yes;Yes;No;Yes;
;Cygnum Capital;2026 Summer Internship Programme;13.Jan.26;19.Jan.26;;;;;Yes;Yes;Optional;No;
;Houlihan Lokey;Summer Financial Analyst - Manchester;05.Jan.26;19.Jan.26;;;OA > VI > AC;Suited;Yes;Yes;Yes;No;
;William Blair;Investment Banking Summer Analyst, Secondary Advisory;02.Jan.26;12.Jan.26;;;OA > VI > AC;;Yes;Yes;Optional;No;
;Stout;2026 Summer Intern - Corporate Finance;24.Dec.25;07.Jan.26;;07.Feb.25;;;Yes;Yes;Yes;No;
;Rede Partners;Spring into Rede Insight Programme 2026;16.Dec.25;27.Jan.26;;;;Thomas;Yes;Yes;No;Yes;
;Harris Williams;Summer Analyst;03.Dec.25;04.Dec.25;;08.Sep.24;;;Yes;Yes;No;No;Just reopened for 1 day
;Stifel;Investment Banking Summer Intern;27.Nov.25;14.Dec.25;;20.Oct.24;VI > AC;;Yes;Yes;Optional;Yes;
;National Bank of Canada;Intern;26.Nov.25;25.Nov.25;;;;;Yes;Yes;Yes;No;Apply by sending CV and a cover letter to hrsupport-london@bnc.ca
;STJ Advisors;Summer Internship Program 2026;22.Nov.25;15.Jan.26;;;;;Yes;Yes;Yes;No;Apply by sending CV and a cover letter to hr@stjadvisors.com
;Insurance Advisory Partners;Investment Banking Intern;21.Nov.25;22.Nov.25;;;;;Yes;Yes;No;No;
;Leerink Partners;2026 Investment Banking Summer Analyst Program;20.Nov.25;14.Dec.25;;;;;Yes;Yes;No;Yes;
;Global Infrastructure Advisors;Analyst / Analyst Internship;19.Nov.25;15.Dec.25;;;HV > AC > TI > VI > AC;;Yes;Yes;No;No;
;GP Bullhound;Future Stars - Work Experience & Insight Programme;18.Nov.25;09.Jan.26;;25.Nov.24;VI;;Yes;Yes;Optional;No;Recorded video answer as part of application
;Lloyds Banking Group;Summer Internship 2026;17.Nov.25;22.Dec.25;;03.Dec.24;OA > HV;SHL;Yes;No;No;No;
;BMO Capital Markets;2026 Global Markets Summer Analyst;10.Nov.25;24.Nov.25;;;;;Yes;Yes;;No;
;CITIC CLSA;Internship Programme 2026;06.Nov.25;31.Dec.25;;06.Dec.24;;;Yes;Yes;No;Yes;
;Flowdesk;Sales Intern EMEA (F/M/D);05.Nov.25;24.Nov.25;;;;;Yes;Yes;Yes;No;
;MKI Global Partners;Summer Analyst (Event-Driven/Special Situations);05.Nov.25;24.Nov.25;;;;;Yes;Yes;No;Yes;Apply via email
;CrŽdit Agricole;Summer Internship Programme 2026;03.Nov.25;27.Jan.26;;29.Oct.24;;Cut-e;Yes;Yes;Optional;No;
;Allia C&C;Advisory and Funding Team Internship;31.Oct.25;30.Oct.25;;;;;Yes;Yes;Yes;No;Apply by sending CV and a cover letter to recruitment@allia.org.uk
;Quantuma;Corporate Finance Analyst (Intern);30.Oct.25;30.Oct.25;;;;;Yes;Yes;Optional;No;
;Skagen Capital;Investment banking intern;30.Oct.25;31.Oct.25;;;;;Yes;Yes;No;No;
;Scotiabank;2026 UK Summer Internship;15.Oct.25;27.Jan.26;;16.Dec.24;HV > VI > AC;;Yes;Yes;No;No;
;NatWest Markets;Front Office - Internship;13.Oct.25;24.Nov.25;;23.Sep.24;;SHL;Yes;Yes;No;No;
;Baird;M&A Summer Internship 2026;13.Oct.25;24.Nov.25;;30.Sep.24;;;Yes;Yes;No;No;
;Investec;Summer Internship 2026;12.Oct.25;13.Oct.25;Offers Out;06.Oct.24;;;Yes;Yes;No;No;
;Howden;Investment Banking Summer Analyst;11.Oct.25;10.Nov.25;AC;04.Feb.25;OA > HV > AC;;Yes;Yes;No;No;
;BMO Capital Markets;Investment Banking Summer Analyst;10.Oct.25;24.Nov.25;;;;;Yes;Yes;;No;
;KR8 Advisory;Business & Capital Advisory (Intern);10.Oct.25;30.Oct.25;;;;;Yes;Yes;Optional;No;
;Lincoln International;UK Summer Internship Programme 2026;08.Oct.25;31.Oct.25;Online Test;31.Oct.24;;;Yes;Yes;Optional;No;
;Piper Sandler;2026 Summer Analyst Programme;06.Oct.25;06.Oct.25;Offers Out;07.Nov.24;;;Yes;Yes;Yes;No;"London roles filled from Spring Week; applications for Aberdeen now closed"
;DealGlobe;M&A Analyst Intern (Mandarin speaking);05.Oct.25;27.Jan.26;;;;;Yes;Yes;No;Yes;Mandarin required, apply via email to careers@dealglobe.com
;Peel Hunt;Investment Banking Internship 2026;01.Oct.25;24.Nov.25;;02.Sep.24;AC;;No;Yes;Optional;No;Recorded video answer as part of application
;BTIG;2026 UK Internship Program;01.Oct.25;24.Nov.25;;04.Oct.24;;;No;Yes;Optional;Yes;
;TD Securities;2026 Summer Internship Programme;22.Sep.25;24.Oct.25;;11.Sep.24;;;Yes;Yes;Yes;No;
;CIBC;Summer Intern 2026;22.Sep.25;10.Oct.25;AC;27.Sep.24;OA > VI > AC;SHL;Yes;Yes;Yes;No;
;Panmure Liberum;2026 Summer Internship Programme;16.Sep.25;18.Oct.25;Offers Out;17.Sep.24;VI > AC;;No;Yes;Yes;Yes;
;Guggenheim Partners;2026 Investment Banking Analyst Intern;11.Sep.25;24.Nov.25;;21.Aug.24;;;Yes;Yes;No;No;
;DC Advisory;Summer Analyst Programme 2026;11.Sep.25;27.Jan.26;;16.Sep.24;TI > OA > VI > AC;;Yes;Yes;No;No;
;Rede Partners;2026 Summer Intern Programme;08.Sep.25;13.Oct.25;First Round;02.Sep.24;TI > VI > AC;Thomas;Yes;Yes;No;Yes;
;SociŽtŽ GŽnŽrale;2026 Summer Internship Programme;08.Sep.25;24.Nov.25;HireVue;06.Sep.24;OA > VI > AC > VI;Talent-Q;Yes;Yes;Yes;No;
;Houlihan Lokey;Summer Financial Analyst 2026;07.Sep.25;24.Nov.25;Offers Out;29.Aug.24;OA > VI > AC;Suited;Yes;Yes;Yes;No;
;Standard Chartered;Internship Programme UK 2026;03.Sep.25;31.Dec.25;Offers Out;02.Sep.24;;Pymetrics;Yes;Yes;No;No;
;William Blair;Investment Banking Summer 2026 Analyst;03.Sep.25;24.Nov.25;HireVue;02.Sep.24;;;Yes;Yes;No;No;
;HSBC;Summer Internship 2025-2026;03.Sep.25;04.Oct.25;Offers Out;16.Sep.24;OA > HV > AC;Cappfinity;Yes;Yes;No;No;
;Raymond James;2026 Summer Analyst Programme;02.Sep.25;24.Nov.25;Offers Out;01.Sep.24;TI > VI > AC;;Yes;Yes;No;No;
;MUFG;MUFG 2026 Summer Internship;01.Sep.25;04.Jan.26;Online Test;30.Aug.24;OA > TI > AC;;Yes;Yes;No;Yes;
;Macquarie Group;2026 Summer Internship Programme;01.Sep.25;31.Oct.25;;02.Sep.24;;Talent-Q;Yes;Yes;No;No;
;Eastdil Secured;2026 Summer Internship;01.Sep.25;22.Oct.25;HireVue;09.Sep.24;;;Yes;Yes;Optional;Yes;
;Mizuho;Summer Internship;01.Sep.25;24.Nov.25;Offers Out;12.Sep.24;OA > TI > AC;;Yes;Yes;Yes;No;
;Jefferies;2026 Summer Internship Programme;01.Sep.25;24.Nov.25;Offers Out;02.Oct.24;OA > VI > AC;SHL;Yes;Yes;No;Yes;
;Nomura;2026 Summer Internship Programme;31.Aug.25;01.Dec.25;Offers Out;31.Aug.24;OA > TI > AC;Cut-e;Yes;Yes;No;Yes;
;Gleacher Shacklock;Investment Banking Summer Internship 2026;28.Aug.25;28.Oct.25;First Round;05.Sep.24;TI > VI > AC;;Yes;Yes;No;Yes;
;Santander;CIB 2026 Summer Internship Program;23.Aug.25;06.Dec.25;Offers Out;27.Aug.24;;SOVA > SHL;Yes;Yes;Yes;No;
;Campbell Lutyens;Summer Analysts 2026;21.Aug.25;24.Nov.25;First Round;01.Aug.24;;;Yes;Yes;No;No;
;Wells Fargo;EMEA Summer Analyst;20.Aug.25;13.Nov.25;Offers Out;10.Sep.24;;VJT;Yes;Yes;No;No;
;Fenchurch Advisory;2026 Summer Internship Programme;19.Aug.25;24.Nov.25;Second Round;06.Sep.24;TI > VI > AC;;Yes;Yes;No;No;
;BNP Paribas;2026 Summer Internship Programme;11.Aug.25;24.Nov.25;Offers Out;05.Aug.24;OA > VI > AC;Cut-e;Yes;Yes;No;No;
;Torch Partners;2026 Summer Internship - London;;;;13.Sep.24;OA > TI > AC > AC;;Yes;Yes;No;Yes;
;Natixis;Market Risk Intern;;;;07.Oct.24;;;Yes;Yes;Optional;No;
;Brown Advisory;Summer Analyst;;;;08.Nov.24;;;Yes;Yes;Yes;No;Apply via email, instructions in job descriptions
;ABN AMRO;Internship Programme 2026 - DCM;;;;03.Dec.24;;;Yes;Yes;Yes;No;
;ICBC Standard Bank;Summer Intern - Global Markets (FIC);;;;28.Jan.25;;;Yes;Yes;Yes;No;
;PKF Smith Cooper;Corporate Finance Internship - Summer 2026;;;;18.Feb.25;;;Yes;Yes;Optional;Yes;
;Agentis Capital;Summer Investment Banking Analyst Intern;;;;;;;Yes;Yes;Yes;Yes;
;BDO Global;Black Heritage Insight Programme - 2026;;;;;;Arctic Shores;;;;;Insight programme, open only to penultimate years
;CICC;Sales Trainee/Assistant;;;;;;;;;;;
;SMBC;2026 Summer Intern Program;;;;;;;;;;;
;TD Cowen;Summer Analyst Intern;;;;;;;;Yes;Yes;No;
;;;;;;;;;;;;;
;Orbis;UK Business Internship;15.Jan.26;21.Feb.26;;;OA > VI > TI >AC;;Yes;Yes;Yes;Yes;
;Sona Asset Management;Summer Intern Programme;19.Dec.25;;;08.Jan.25;;;Yes;Yes;No;No;
;Arena Investors;2026 Summer Investment Analyst;28.Nov.25;;;07.Oct.24;;;Yes;Yes;Optional;No;
;Welltower;2026 Summer Analyst - Real Estate Investments;11.Nov.25;;;22.Aug.24;;;Yes;Yes;Optional;Yes;
;Verition Fund Management;2026 Summer Internship;04.Sep.25;;;16.Sep.24;;;Yes;Yes;No;Yes;
;Capstone;2026 Summer Internship;01.Sep.25;;Offers Out;30.May.24;;;No;Yes;No;No;Investment Research, Quant
;Balyasny Asset Management;Quantitative Analyst Ð Macro & Commodities (Summer Internship);19.Aug.25;;Offers Out;08.Sep.24;;;Yes;Yes;No;No;
;Alvine Capital;Summer Intern - London, UK;26.Jan.26;27.Jan.26;;;;;Yes;Yes;No;No;
;Westgrove;Summer Analyst;22.Jan.26;27.Jan.26;;;;;Yes;Yes;No;No;
;Future Planet Capital;Venture Capital & Investment Micro-Internship - March 2026;20.Jan.26;02.Feb.26;;;;;Yes;Yes;No;No;Video response as part of application
;Neuberger Berman;Summer Intern 2026;16.Jan.26;27.Jan.26;;21.Apr.25;;;Yes;Yes;No;No;
;Compound Equity Group;Junior Investor (Summer 2026 Internship);07.Jan.26;27.Jan.26;;;;;Yes;Yes;No;No;"Apply via email; open to final-year students"
;LMR Partners;Investments Summer Internship 2026;30.Dec.25;27.Jan.26;;16.Dec.24;;;Yes;Yes;No;Yes;
;BGF;2026 Summer Internship Programme;19.Dec.25;27.Jan.26;;25.Nov.24;TI > VI > AC;;Yes;Yes;No;Yes;
;CD&R;Private Equity Spring Insight 2026;16.Dec.25;27.Jan.26;;18.Dec.24;OA > VI;;Yes;Yes;No;Yes;
;Caxton Associates;2026 Summer Internship Programme;16.Dec.25;31.Jan.26;;;;;Yes;Yes;Yes;No;
;Burford Capital;Summer Analyst Internship;03.Dec.25;27.Jan.26;;;;;Yes;Yes;Optional;No;
;Equitix;Internship 2026;28.Nov.25;27.Jan.26;;25.Nov.24;OA > AC;;Yes;Yes;No;Yes;
;Hayfin Capital Management;Summer Intern 2026;14.Nov.25;27.Jan.26;;18.Nov.24;;;Yes;Yes;Yes;No;
;Ethical Capital Partners;Investment Intern;13.Nov.25;16.Nov.25;;;;;Yes;Yes;Yes;No;Apply by sending CV and a cover letter to info@ethicalcapitalpartners.com
;Blackstone;2026 Real Estate Debt Strategies Summer Analyst;03.Nov.25;27.Jan.26;;;;Pymetrics;Yes;Yes;No;No;
;IQT;Investment Associate Internship (US Citizens Only);03.Nov.25;27.Jan.26;;;;;Yes;Yes;No;No;Must be US Citizen
;Rokos Capital Management;RCM Internship Programme 2026;01.Nov.25;27.Jan.26;;;;;Yes;Yes;No;Yes;
;LaSalle;2026 Summer Internship Programme;31.Oct.25;27.Jan.26;;23.Sep.24;;Pymetrics;Yes;Yes;No;Yes;
;Capstone;2026 Summer Policy & Investment Internship - PATHWAY;30.Oct.25;27.Jan.26;;;;;Yes;Yes;No;No;
;Brio Real Estate;Summer Intern;27.Oct.25;26.Oct.25;First Round;;;;Yes;Yes;Yes;No;
;ExodusPoint;Fixed Income Internship - Summer 2026;23.Oct.25;27.Jan.26;;;;;Yes;Yes;Optional;No;
;W. P. Carey;Investments Summer Analyst 2026;22.Oct.25;27.Jan.26;;07.Oct.24;;;Yes;Yes;No;No;
;EQT;Summer Analyst Programme Ð EQT Real Estate;17.Oct.25;27.Jan.26;;02.Sep.24;;;Yes;Yes;Yes;No;
;Future Planet Capital;Venture Capital Micro-Internship - December 2025;05.Oct.25;02.Nov.25;;;;;Yes;Yes;Yes;No;
;Cambridge Associates;Investment Summer Analyst (Intern);03.Oct.25;17.Oct.25;;22.Oct.24;;;Yes;Yes;Yes;No;
;StepStone Group;2026 Private Equity Summer Analyst;02.Oct.25;24.Oct.25;;25.Sep.24;;;Yes;Yes;Optional;No;
;Harrison Street;Summer 2026 Intern;26.Sep.25;27.Jan.26;;21.Sep.24;;;Yes;Yes;No;No;
;Brevan Howard;Summer Internship Programme 2026;17.Sep.25;27.Jan.26;;08.Sep.24;;;Yes;Yes;No;No;
;Schonfeld;2026 Summer Intern;13.Sep.25;27.Jan.26;;14.Sep.24;;;Yes;Yes;Optional;No;
;Man Group;2026 Summer Intern Programme;11.Sep.25;23.Oct.25;Offers Out;01.Oct.24;OA > VI > AC;;No;Yes;Optional;No;
;General Atlantic;2026 Summer Analyst;10.Sep.25;15.Sep.25;;27.Sep.24;;;Yes;Yes;No;No;
;Orbis;Investment Analyst Internship 2025-2026;09.Sep.25;14.Oct.25;;11.Sep.24;OA > VI > TI > AC;;Yes;Yes;Yes;Yes;
;CD&R;Private Equity Summer Internship 2026;09.Sep.25;27.Jan.26;Online Test;;;;Yes;Yes;No;No;
;InfraRed Capital Partners;2026 Summer Analyst;04.Sep.25;19.Sep.25;;03.Sep.24;;;Yes;Yes;No;Yes;
;Ares Management;Summer Analyst Programme 2026;26.Aug.25;27.Jan.26;Offers Out;19.Aug.24;TI > VI > OA > AC > VI;;Yes;Yes;No;Yes;
;Oak Hill Advisors;Summer Analyst 2026;18.Aug.25;27.Jan.26;;24.Sep.24;;;Yes;Yes;No;No;
;Temasek;Temasek Summer Associate Programme 2026;11.Aug.25;27.Jan.26;AC;;;;Yes;Yes;No;No;
;Millennium Management;Summer Intern Programme 2026;03.Aug.25;27.Jan.26;First Round;01.Aug.24;OA > TI > VI > VI;;Yes;Yes;No;No;
;Squarepoint Capital;Intern Quant Researcher;03.Jul.25;27.Jan.26;;14.Feb.25;;;Yes;Yes;Optional;No;
;GIC;GIC Internship Programme 2026;18.Jun.25;06.Dec.25;Offers Out;03.Jul.24;;Predictive Index;Yes;Yes;No;No;
;D.E. Shaw;Trader/Analyst Intern (London) - Summer 2026;15.Jun.25;21.Jan.26;Offers Out;28.May.24;;;Yes;Yes;No;No;
;Blackstone;2026 Blackstone Summer Analyst;09.Jun.25;31.Oct.25;Offers Out;16.Jun.24;OA > HV > VI > VI > AC;Pymetrics;Yes;Yes;No;No;
;Citadel;International Equities Associate Ð Intern;29.May.25;27.Jan.26;Offers Out;05.Aug.24;;Wonderlic;;Yes;No;No;
;Capula Investment Management;Trading & Research Summer Internship 2026;11.Apr.25;27.Jan.26;First Round;11.Apr.24;TI > VI > AC;;Yes;Yes;No;Yes;
;Point72;2026 Academy Investment Summer Internship;03.Mar.25;20.Jun.25;Offers Out;01.Mar.24;Case Study > TI > TI > TI;Point72 Prep;Yes;Yes;No;Yes;2-5 telephone interviews across HR and traders
;Oxford Properties Group;Intern, Real Estate Investments;;;;03.Sep.24;Modelling Test > AC;;Yes;Yes;;;
;Advent International;Summer Internship 2026;;;;16.Sep.24;;;Yes;Yes;No;Yes;"Exclusive to SEO London; Also women's only opportunity at AGO (Sunley House)"
;Pacific Asset Management;Summer Internships 2026;;;;04.Oct.24;;;No;Yes;Optional;No;
;Oaktree Capital Management;Intern, Summer 2026;;;;15.Oct.24;;;Yes;Yes;No;Yes;
;Northwood Investors;Real Estate Private Equity Internship;;;;29.Oct.24;;;Yes;Yes;No;No;
;Blenheim Chalcot;Internship Programme 2026;;;;08.Nov.24;;;Yes;Yes;Optional;Yes;
;Apollo Global Management;Apollo Insurance Solutions Intern;;;;13.Nov.24;;;Yes;Yes;No;No;
;Point72;International Sector Analyst Internship;;;;05.Dec.24;;Point72 Prep;Yes;Yes;Optional;No;
;Hamilton Lane;2026 Summer Internship Program: Investments;;;;13.Jan.25;;;Yes;Yes;No;No;
;YFM Equity Partners;Summer Internship;;;;03.Feb.25;TI > VI > AC;;Yes;Yes;No;No;
;17Capital;Investment Intern;;;;12.Feb.25;;;Yes;Yes;No;No;Closed within 6 hours
;Tower Peak Partners;Postgraduate Internship 2026 (10 Weeks);;;;17.Feb.25;;;Yes;Yes;Optional;No;
;iAM Capital;Summer Intern - Investment Team;;;;24.Apr.25;;;Yes;Yes;Yes;No;Apply via email
;Capital Dynamics;Summer Intern (Analyst) - Private Equity & Clean Energy;;;;01.May.25;;;Yes;Yes;No;No;
;Bain Capital Credit;Summer Analyst Programme 2026;;;;;AC > AC;;No;Yes;No;Yes;
;CVC;Private Credit Summer Internship 2026;;;;;;;Yes;Yes;Yes;Yes;
;Cerberus Capital Management;2026 Summer Internship;;;;;;;;;;;
;DigitalBridge;Summer Analyst;;;;;;;;;;;
;Partners Group;Summer Analyst Program;;;;;;;Yes;;;;Based in Zurich office (HQ)
;Sculptor Capital Management;Real Estate Internship - Summer 2026;;;;;;;Yes;;;;
;Slate Asset Management;Summer Analyst;;;;;;;Yes;Yes;No;No;
;Tudor Group;Summer Internship 2026;;;;;;;;Yes;Yes;No;
;Waterland Private Equity;Investment Intern (Summer 2026);;;;;;;Yes;Yes;Yes;;
;Wellington Management;Early Career Investor - 2026 Summer Internship;;;;;;;Yes;;;;
;;;;;;;;;;;;;
;Blackfinch Group;Blackfinch Summer 2026 Internship Programme;09.Feb.26;02.Apr.26;;03.Feb.25;YouTube > VI > AC;;Yes;Yes;Optional;No;YouTube video as part of application
;AustralianSuper;2026 Intern Program;04.Feb.26;01.Mar.26;;;;;Yes;Yes;No;No;
;Chatham Financial;Intern, Investment Management;04.Feb.26;;;;;;Yes;Yes;;;
;Legal & General;Intern Programme 2026;28.Jan.26;;;27.Nov.24;OA > HV > AC;;Yes;No;No;No;
;Dimensional Fund Advisors;Asset Management Internship - Summer 2026;24.Jan.26;;;;AC;;No;Yes;Yes;Yes;Only open for final-year students
;Atlanta Wealth;Equity Analyst Internship, Asset Management;16.Jan.26;;;;;;Yes;Yes;Yes;No;
;BNY Mellon;2026 Summer Internship Program;15.Sep.25;;Offers Out;15.Sep.24;TI > VI > VI;;Yes;;;;
;PIMCO;2026 Summer Internship - Product Analyst;01.Sep.25;;;27.Aug.24;HV > OA > AC;;Yes;Yes;No;No;
;MFS;Equity Research Analyst Intern;15.Jan.26;27.Jan.26;;;;;Yes;Yes;No;No;
;PGIM;Investment Analyst Intern;18.Dec.25;27.Jan.26;;09.Oct.24;HV > AC;;Yes;Yes;No;No;
;M&G;Summer Internship;10.Dec.25;27.Jan.26;;30.Sep.24;;;Yes;Yes;No;Yes;
;Capital Group;ESG Summer Associate - Europe (2026);08.Dec.25;27.Jan.26;;;;;;Yes;No;No;
;Nuveen;Summer Internship 2026;02.Dec.25;19.Dec.25;;16.Dec.24;OA > HV > AC;;Yes;Yes;No;No;
;Vanguard;Investment Management Internship, Summer 2026;02.Dec.25;09.Jan.26;;27.Jan.25;OA > VI > VI;;No;Yes;No;No;
;D.E. Shaw;D. E. Shaw Investment Management (DESIM) Intern Ð Summer 2026;21.Nov.25;27.Jan.26;;;;;Yes;Yes;No;No;
;Leo-Crown Estates;Intern - Dubai Real Estate;20.Nov.25;20.Nov.25;;;;;Yes;Yes;No;No;
;Sixth Street;2026 Summer Internship Program - UK Investing;18.Nov.25;27.Jan.26;First Round;;;;Yes;Yes;No;No;
;Weatherbys Private Bank;Summer Internship Programme 2026;17.Nov.25;27.Jan.26;;22.Jan.25;AC;;No;Yes;Yes;No;
;Cabot Properties;Investment Intern;14.Nov.25;27.Jan.26;;;;;Yes;Yes;Optional;No;
;JLL;Capital Markets Intern - London;11.Nov.25;28.Nov.25;;;;Pymetrics;Yes;Yes;No;Yes;
;Franklin Templeton;Summer Internship;10.Nov.25;19.Nov.25;;23.Sep.24;;;Yes;Yes;No;Yes;
;Columbia Threadneedle Investments;Investments Internship;07.Nov.25;21.Nov.25;Offers Out;01.Oct.24;;;Yes;Yes;No;Yes;
;First Wealth;Summer Internship 2026;27.Oct.25;21.Nov.25;;07.Nov.24;HV > AC;;No;Yes;No;Yes;
;Caledonia Investments;2026 Summer Internship;20.Oct.25;07.Nov.25;;18.Oct.24;VI > AC;;No;Yes;Yes;No;
;Soros Fund Management;Investment Intern - Summer 2026;17.Oct.25;27.Jan.26;;06.Nov.24;;;Yes;Yes;Optional;No;
;Schroders;2026 Internship Programme;15.Oct.25;27.Jan.26;HireVue;20.Sep.24;OA > HV > VI > AC;Cut-e;Yes;Yes;Optional;No;
;Aberdeen Group;Summer Internship 2026;08.Oct.25;05.Nov.25;Online Test;30.Sep.24;OA > HV > AC;;Yes;Yes;No;Yes;
;Altana Wealth;Credit Analyst Internship (Chinese speaking);05.Oct.25;27.Jan.26;;;;;Yes;Yes;Yes;No;Chinese required
;Arbuthnot Latham;Internship 2026;29.Sep.25;29.Sep.25;;;;;Yes;Yes;No;No;
;AllianceBernstein;Investments Summer Intern;24.Sep.25;27.Jan.26;;;;;Yes;Yes;No;No;
;British Land;Summer Internship 2026;22.Sep.25;24.Oct.25;;08.Oct.24;HV > VI > AC;;Yes;Yes;Yes;No;
;Norges Bank;Summer Internship 2026;18.Sep.25;06.Oct.25;;16.Sep.24;;;No;Yes;Yes;Yes;
;Fidelity International;Summer Internship Programme 2026;17.Sep.25;30.Nov.25;Offers Out;22.Sep.24;OA > VI > AC;Cappfinity;Yes;Yes;Optional;No;
;Principal Asset Management;Intern;17.Sep.25;27.Jan.26;;09.Dec.24;;;Yes;Yes;No;No;
;Capital Group;CAP Summer Associate - Europe (2026);16.Sep.25;30.Sep.25;;23.Aug.24;;;Yes;Yes;No;No;
;Walter Scott;Summer Internship Opportunities 2026;11.Sep.25;07.Nov.25;;13.Aug.24;AC;;No;Yes;Yes;No;Apply via email
;DWS;2026 Summer Internships;08.Sep.25;21.Sep.25;Offers Out;15.Sep.24;OA > HV > AC;;Yes;Yes;Optional;No;
;Barings;Investment Management Summer Internship;01.Sep.25;27.Jan.26;First Round;02.Sep.24;TI > AC;;Yes;Yes;No;No;
;Lazard Asset Management;2026 Summer Internship;29.Aug.25;14.Oct.25;;;;;Yes;Yes;No;No;
;Redburn;2026 Redburn Summer Programme;12.Aug.25;30.Oct.25;;27.Aug.24;;;Yes;Yes;No;Yes;
;BlackRock;2026 Summer Internship Program - EMEA;01.Jul.25;24.Oct.25;Offers Out;01.Jul.24;HV > VI > VI;BlackRock Prep;Yes;Yes;No;No;
;Fidelity Investments;Summer 2026 Equity Research Associate Intern;03.Mar.25;10.Mar.25;;;;;Yes;Yes;No;No;
;Redington;2026 Summer Internship;;;;02.Sep.24;OA > HV > VI;;Yes;Yes;No;No;
;Evelyn Partners;Internship Programme - July 2026;;;;10.Sep.24;;;;Yes;Optional;No;
;Hines;ESG Summer Analyst Intern;;;;11.Sep.24;;;Yes;Yes;No;No;
;Coutts;Wealth - Internship;;;;24.Sep.24;;;Yes;Yes;No;No;
;Polen Capital;2026 Summer Internship Program;;;;11.Oct.24;;;Yes;;;;
;Rockefeller Capital Management;Summer Analyst - European Institutional Sales;;;;20.Nov.24;;;Yes;Yes;Optional;No;
;Brown Shipley;Intern Associate;;;;26.Jan.25;;;Yes;Yes;Optional;No;
;Lothian Pension Fund;Investment Intern;;;;01.Feb.25;;;No;;;;
;Omnam Investment Group;Investment & Asset Management Summer Intern;;;;06.Feb.25;;;Yes;Yes;No;No;
;Phoenix Group;Summer Internship Programme;;;;27.Feb.25;VI;;Yes;Yes;No;Yes;
;Canary Wharf Group;Internship Programme 2026;;;;17.Mar.25;;;Yes;Yes;No;Yes;
;Savills;2026 Summer Scheme;;;;24.Mar.25;TI > AC > VI;;Yes;Yes;No;Yes;
;Fasanara Capital;Summer Internship Programme;;;;27.Mar.25;;;Yes;Yes;Optional;No;
;Aviva Investors;Summer Internship 2026;;;;;OA > VI > AC;Cappfinity;Yes;No;No;Yes;
;Baillie Gifford;Summer Internship 2026;;;;;;;Yes;;;;
;Corebridge;Summer Internship Programme;;;;;;;Yes;;;;
;Impax Asset Management;Internship;;;;;;;Yes;;;;
;Invesco;Summer 2026 Internship Opportunity;;;;;;;Yes;;;;
;LGT Wealth Management;Internship Programme 2026;;;;;VI > VI;;;;;;
;Lorien;Asset Management Internship;;;;;;;Yes;;;;
;Ninety One;2026 Summer Internship Programme;;;;;;;Yes;;;;
;Related Argent;Summer Intern;;;;;;;;Yes;No;No;
;St James's Place;Undergraduate Internship;;;;;;;Yes;;;;Currently on hiring freeze
;St. Modwen;Asset Management Summer Internship;;;;;;;;Yes;;;
;T. Rowe Price;Equity Research Investment Intern - Summer 2026;;;;;OA > HV > VI > AC;;Yes;Yes;No;No;
;TIAA;Summer Intern 2026 - Based in London;;;;;;;Yes;;;;
;;;;;;;;;;;;;
;KPMG;Insight Penultimate Year Talent;14.Jan.26;;;;;Cappfinity;Yes;Yes;No;No;Black Heritage/Social Mobility/Disability
;EY;2026 Summer Internship;17.Sep.25;;Offers Out;27.Aug.24;OA > HV > AC;Cappfinity;Yes;Yes;No;No;
;PwC;Summer Internship 2026;30.Sep.25;27.Jan.26;Offers Out;22.Sep.24;;Arctic Shores;Yes;Yes;No;No;
;Deloitte;Summer Vacation Scheme;21.Sep.25;27.Oct.25;Offers Out;15.Sep.24;OA > HV > AC;Cappfinity;Yes;Yes;No;No;
;KPMG;Vacation Audit - ACA;;;;01.Nov.24;;Cappfinity;Yes;Yes;No;No;
;;;;;;;;;;;;;
;GEP;Intern - Consulting 2026;09.Feb.26;;;31.Jan.25;;;Yes;Yes;No;No;Requires fluency in French or German
;Plural Strategy;Strategy Consulting Intern;10.Dec.25;;;12.Dec.24;;;Yes;Yes;No;No;
;CFO Insights;Management Consulting Internship;30.Oct.25;;;;;;Yes;Yes;Optional;No;
;Retail Insights;Management Consulting Internship;30.Oct.25;;;;;;Yes;Yes;Optional;No;
;Fide Partners;Associate Consultant Intern;29.Oct.25;;;10.Apr.25;;;Yes;Yes;Optional;No;
;Accuracy;Finance Intern;10.Sep.25;;;;;;Yes;Yes;No;No;
;Compass Lexecon;Intern (Summer 2026);08.Sep.25;;;02.Sep.24;;;Yes;Yes;Yes;No;
;McKinsey & Company;Business Analyst Intern;31.Aug.25;;Offers Out;10.Jul.24;;McKinsey Solve;;Yes;Yes;No;
;Simon-Kucher;Generalist Consulting Summer Internship;08.Jan.26;19.Jan.26;;;HV > OA > VI > AC;SHL;No;Yes;No;Yes;
;Wood Mackenzie;Consulting Intern (June - August);07.Jan.26;21.Jan.26;;;;;Yes;Yes;No;No;
;Roland Berger;Junior Consultant - Summer Internship 2026;05.Jan.26;01.Feb.26;;;;;No;Yes;Yes;No;
;BCG;Summer Associate, Internship;01.Jan.26;22.Jan.26;;16.Jan.25;;MBB Consulting;No;Yes;No;No;
;Newton;Summer Academy 2025/6;24.Nov.25;05.Dec.25;;;OA > HV > AC;;Yes;Yes;No;No;
;Korn Ferry;UK Summer Internship;20.Nov.25;19.Dec.25;;18.Dec.24;;Talent-Q;No;Yes;Yes;No;
;Guidehouse;Intern - Campus Summer 2026;05.Nov.25;30.Nov.25;;13.Sep.24;;;Yes;Yes;No;No;
;Turner & Townsend;Summer Placement 2026;01.Nov.25;27.Jan.26;;;;;Yes;Yes;Optional;No;
;Capgemini;Internship Consulting or Technical routes 2026;28.Oct.25;15.Dec.25;;;;;Yes;Yes;Yes;Yes;
;FTI Consulting;2026 Summer Internship;27.Oct.25;18.Dec.25;Offers Out;18.Nov.24;;;Yes;;;;
;Alpha FMC;Summer Diversity Internship 2026;20.Oct.25;15.Dec.25;;;OA > HV > AC;;Yes;Yes;No;No;
;Analysys Mason;Intern Associate Consultant, 2026;06.Oct.25;15.Dec.25;;;;;Yes;Yes;Optional;No;
;Putnam;Summer Associate Internship;06.Oct.25;20.Nov.25;;;;;Yes;Yes;Optional;No;
;Rystad Energy;Management Consultant Intern - 2026;01.Oct.25;31.Oct.25;;24.Jul.24;;;Yes;Yes;Yes;No;
;OC&C;Associate Consultant Summer Internship 2026;01.Oct.25;05.Jan.26;;01.Oct.24;OA > VI > AC;;Yes;Yes;No;No;
;Teneo;Financial Advisory Internship 2026;01.Oct.25;15.Dec.25;;01.Oct.24;OA > AC;;Yes;Yes;No;No;
;L.E.K. Consulting;Summer Associate 2026;30.Sep.25;04.Jan.26;;13.Sep.24;OA > VI > AC;;No;Yes;No;No;
;Baringa;UK 2026 Summer Internship;30.Sep.25;12.Oct.25;;15.Nov.24;;;No;Yes;Optional;Yes;
;Charles River Associates;Intern - Summer 2026;23.Sep.25;27.Jan.26;;;;;Yes;Yes;Yes;No;
;ZS;Strategy Insights & Planning Associate - Intern;23.Sep.25;27.Jan.26;;;;;Yes;Yes;No;No;
;EY-Parthenon;Summer Internship 2026;18.Sep.25;01.Jan.26;;;;;Yes;Yes;No;No;
;Oxera;Intern;18.Sep.25;27.Jan.26;;;;;Yes;Yes;Yes;No;
;Knight Frank;12-Week Work Placement;15.Sep.25;09.Jan.26;;21.Oct.24;;;Yes;Yes;No;No;
;Oliver Wyman;Summer Internship 2026;08.Sep.25;15.Jan.26;;16.Sep.24;;Oliver Wyman Prep;No;Yes;Yes;No;
;Alvarez & Marsal;Summer Intern, Corporate Finance;04.Sep.25;15.Dec.25;;;;;Yes;Yes;No;No;
;NERA;Summer Internship 2026;01.Sep.25;27.Jan.26;;10.Feb.25;;;Yes;Yes;Optional;No;
;Ankura;Summer Internship 2026 Turnaround & Restructuring;29.Aug.25;30.Sep.25;;17.Sep.24;;;Yes;Yes;Yes;Yes;
;Cairneagle;Intern - 2 Month Placement;;;;15.Jul.24;;;Yes;Yes;Yes;No;Always open
;Cornerstone Research;Summer Analyst, London;;;;15.Jul.24;;;No;Yes;Yes;No;
;Bain & Company;Associate Consultant Intern;;;;12.Aug.24;;Sova;No;Yes;Optional;No;
;Arcadis;Summer Internship - Management Consultant;;;;09.Sep.24;;;No;Yes;Optional;No;
;Strategy&;Internship, Consulting, Summer 2026;;;;23.Sep.24;OA > AC;SHL;;Yes;No;Yes;
;ClearView Healthcare Partners;Summer Analyst Intern 2026;;;;27.Sep.24;;;Yes;Yes;Yes;Yes;
;Allstate;Business Analytics Consultant Internship (Summer 2026);;;;02.Oct.24;;;No;Yes;No;No;
;Stax;Summer Associate 2026;;;;09.Oct.24;;;Yes;Yes;No;No;
;Broadstone;Summer Internship Programme;;;;10.Oct.24;;;Yes;Yes;No;No;
;PA Consulting;Business Transformation - Summer Internship;;;;11.Oct.24;;Talent-Q;Yes;Yes;Optional;No;
;Q5 Partners;Research Analysts - Summer 2026;;;;14.Nov.24;;;No;Yes;Optional;Yes;
;AlixPartners;Business Analyst Summer Intern;;;;21.Jan.25;;;Yes;Yes;No;No;Master's degree required
;Interpath Advisory;Intern Analyst - London Restructuring Group;;;;06.Feb.25;;;Yes;Yes;Yes;No;
;Kearney;Black@Kearney Scholarship 2026;;;;06.Feb.25;;;No;Yes;No;Yes;Scholarship open only for students of black heritage
;Trinity Life Sciences;Summer Associate Consultant;;;;07.Feb.25;;;Yes;Yes;No;No;
;Bain & Company;True North: Scholarship;;;;25.Feb.25;;Sova;Yes;Yes;No;Yes;Converts to Associate Consultant role. Eligiblilty: Women & Black Heritage
;Colliers;Summer Internship 2026;;;;24.Mar.25;;;Yes;Yes;Optional;No;
;Kroll;Intern, Restructuring (2026 Start);;;;;;;;;;;
;;;;;;;;;;;;;
;Galaxy;2026 Summer Internship;03.Feb.26;;;11.Oct.24;;;Yes;Yes;Optional;Yes;
;Clarksons;2026 Broking Summer Internship (shipping & commodities);26.Jan.26;;;11.Feb.25;;;Yes;Yes;Optional;Yes;
;Citadel Securities;EMEA Quant Invitational;23.Jan.26;06.Mar.26;;;;;No;Yes;No;No;
;Teza Technologies;2026 Quantitative Research Internship;20.Jan.26;14.Apr.26;;;VI > VI;;Yes;Yes;No;Yes;
;Da Vinci Trading;Quant Trading Intern (May 2027);16.Jan.26;;;26.Jun.25;OA > VI > OA > VI > AC;;Yes;Yes;Yes;No;
;IMC Trading;Women in Trading;16.Jan.26;13.Mar.26;;;VI > AC;;Yes;Yes;No;Yes;
;Ripple;Quantitative Trading Intern (Summer 2026);12.Jan.26;;;31.Jan.25;;;Yes;Yes;Optional;No;
;SilverTide;Sales Summer Analyst;04.Dec.25;;;;;;Yes;Yes;No;No;
;Bastion Trading;Trading & Quant Summer Internship 2026;06.Oct.25;;AC;;;;Yes;Yes;Optional;Yes;
;Wincent;Quant Research/Trading Internship - Summer 2026;21.Sep.25;;;22.Nov.24;OA > TI > VI > VI > AC;;Yes;Yes;No;No;Based in Slovakia, open to students in UK
;EDF Trading;Summer Internship;29.Aug.25;;;;;;Yes;Yes;No;Yes;
;Qube RT;2026 - Internship, Quantitative Research/Trading;28.Aug.25;;Offers Out;28.Oct.24;;;Yes;Yes;Optional;Yes;
;Aquatic Capital Management;Quantitative Researcher, Intern (Summer 2026);26.Aug.25;;;;;;Yes;Yes;No;No;
;Susquehanna International Group;Internship: Summer 2026;25.Aug.25;;Offers Out;11.Sep.24;;;Yes;Yes;No;No;
;G-Research;Internship in Quantitative Research;22.Aug.25;;;01.Sep.24;OA > VI > VI > VI > AC;;Yes;Yes;No;No;
;Jane Street;Quantitative Trader/Researcher Internship;04.Aug.25;;;14.Aug.24;Case Study > TI > VI > AC;;Yes;Yes;No;Yes;
;DV Trading;2026 Summer Internship - Trading;01.Aug.25;;;25.Aug.24;;;;Yes;Optional;No;
;HSBC;Quant Trading and Machine Learning Associate - Internship;30.Dec.25;04.Jan.26;;;;Cappfinity;Yes;Yes;No;No;
;Liquidnet;Summer Internship 2026;09.Dec.25;27.Jan.26;;14.Nov.24;;;Yes;Yes;No;No;
;MarketAxess;Quant Research Intern 2026;02.Dec.25;27.Jan.26;;29.Oct.24;;;Yes;Yes;Optional;No;
;Optiver;Quantitative Trading Internship;21.Nov.25;27.Jan.26;Offers Out;25.Aug.24;OA > OA > VI > VI > VI;;Yes;Yes;No;No;
;Aspect Capital;Quantitative Research Summer Intern 2026;13.Nov.25;27.Jan.26;;;VI > OA > VI > AC;;Yes;Yes;Yes;No;
;Genesis Quant Capital;Junior Quant Researcher;11.Nov.25;11.Jan.26;;;;;Yes;Yes;No;No;
;BMLL;Junior Quantitative Analyst Internship - Summer 2026;04.Nov.25;12.Nov.25;;;TI > OA > VI > VI;;Yes;Yes;No;Yes;
;State Street;eFX Summer Internship (10 Weeks);28.Oct.25;04.Nov.25;;23.Sep.24;;;Yes;Yes;No;No;
;Dare;Spring Insight Week 2026;24.Oct.25;27.Jan.26;;12.Nov.24;;;Yes;Yes;Optional;No;
;Mako Trading;Summer Internship - Trading & Technology;23.Oct.25;27.Jan.26;;14.Oct.24;;;Yes;Yes;Optional;No;
;Dare;Trading Summer Internship 2026;22.Oct.25;27.Jan.26;AC;30.Dec.24;;;Yes;Yes;Optional;No;
;BP;Summer Internship - Trading & Shipping;13.Oct.25;02.Nov.25;Offers Out;24.Sep.24;;Swift;Yes;Yes;No;No;
;Hudson River Trading;Quant Research Internship - Summer 2026;08.Oct.25;27.Jan.26;;;;;Yes;Yes;Optional;No;
;Javelin Global Commodities;Summer Internship: Commodities Trading;08.Oct.25;09.Oct.25;;;;;Yes;Yes;Yes;Yes;
;StoneX;Intern Ð Trading & Sales (Metals);03.Oct.25;19.Oct.25;;24.Sep.24;;;Yes;Yes;No;No;
;Quadrature;Internship;30.Sep.25;01.Jan.26;;;;;Yes;Yes;Yes;No;
;RWE;Women in Trading Summer Internship Programme;25.Sep.25;13.Oct.25;First Round;04.Oct.24;;Arctic Shores;Yes;Yes;Yes;No;Only open for female applicants
;Citadel Securities;Quantitative Trading - Intern;22.Sep.25;27.Jan.26;;;;;Yes;Yes;No;No;
;Flow Traders;Summer Trading Internship;18.Sep.25;27.Jan.26;Offers Out;21.Aug.24;;;Yes;Yes;Yes;No;
;Quantbot Technologies;Quantitative Researcher Internship - 2026;18.Sep.25;27.Jan.26;;;;;Yes;Yes;Optional;No;
;Equinor;Summer Internship 2026;16.Sep.25;20.Oct.25;;12.Sep.24;;SOVA;Yes;Yes;No;Yes;
;Shell;Assessed Internship Programme 2026;09.Sep.25;31.Jan.26;Offers Out;14.Oct.24;;HireVue Games;Yes;Yes;No;No;
;Maven Securities;Trader Summer Internship 2026;07.Sep.25;27.Jan.26;Offers Out;01.Sep.24;OA > OA > AC;;Yes;Yes;No;No;
;Wintermute;Quant Research Internship (Summer 2026);04.Sep.25;27.Jan.26;;;;;Yes;Yes;No;Yes;
;XTX Markets;Risk - Summer Intern 2026;02.Sep.25;27.Jan.26;;16.Oct.24;;;Yes;Yes;Optional;No;
;Synthesis;Quantitative Research Intern (Summer 2026);02.Sep.25;27.Jan.26;;;TI > OA > VI;;Yes;Yes;No;No;
;Tower Research Capital;Quantitative Trader/Researcher Summer Internship 2026;01.Sep.25;27.Jan.26;;;;;Yes;Yes;Optional;No;
;Marshall Wace;Quant Research Intern;30.Aug.25;27.Jan.26;;;;;Yes;Yes;Optional;No;
;IMC Trading;Trader Intern (2026);27.Aug.25;27.Jan.26;Offers Out;12.Sep.24;OA > HV > TI > AC;;Yes;Yes;Optional;Yes;
;Chicago Trading Company;Quant Trading Internship - Summer 2026;15.Aug.25;19.Oct.25;Online Test;22.Aug.24;OA > HV > VI > AC;;Yes;Yes;No;No;
;Virtu Financial;Internship - Quantitative Trading;15.Aug.25;27.Jan.26;;;OA > VI > VI > AC;;Yes;Yes;Optional;No;
;Jump Trading;Campus Quantitative Trader (Intern);01.Aug.25;27.Jan.26;Offers Out;21.Aug.24;;;Yes;Yes;Optional;No;
;Xantium;Quantitative Researcher Intern;30.Jul.25;27.Jan.26;;;;;Yes;Yes;Yes;No;
;Castleton Commodities International;Commodities Trading Summer Analyst Internship;24.Jul.25;07.Oct.25;;23.Jul.24;OA > VI > AC;;Yes;Yes;No;No;
;GSA Capital;Quantitative Reseacher - Intern;15.Jul.25;19.Oct.25;;15.Jul.24;;;Yes;Yes;Optional;No;
;DRW;Quantitative Trading/Research Analyst Intern;13.Jul.25;27.Jan.26;Offers Out;18.Jul.24;;;Yes;Yes;Optional;No;
;Da Vinci Trading;Quant Trading Intern;27.Jun.25;29.Aug.25;;08.Oct.24;OA > VI > AC;;Yes;Yes;Yes;No;
;ExxonMobil;Summer Placement - Global Trading - Quantitative Analyst;;;;09.Sep.24;OA > VI;;No;Yes;Optional;No;
;Gunvor;Power and Gas Intern;;;;31.Mar.25;;;Yes;Yes;Yes;No;
;Maven Securities;Trading Spring Week 2026;;12.Dec.25;;12.Jan.26;;;Yes;Yes;No;No;Open to penultimate-year students
;Akuna Capital;Trading Internship, Summer 2026;;;;;;;;;;;
;B2C2;Trading Internship;;;;;;;;Yes;Yes;No;
;Two Sigma;Quantitative Researcher - Internship;;;;;;;;;;;
;;;;;;;;;;;;;
;Cushman & Wakefield;Summer Internship 2026;02.Feb.26;01.Mar.26;;14.Feb.25;;;Yes;Yes;No;No;
;Grosvenor;Graduate Internship Programme;28.Jan.26;13.Feb.26;;;;;Yes;Yes;;;
;Carter Jonas;2026 Summer Internship;06.Jan.26;31.Jan.26;;;;;Yes;Yes;Optional;Yes;
;;;;;;;;;;;;;
;Convex Insurance;Summer Intern;02.Feb.26;28.Feb.26;;30.Jan.25;VI > AC;;Yes;Yes;No;No;TikTok video as part of application
;Legal & General;Intern Programme 2026;28.Jan.26;;;27.Nov.24;OA > HV > AC;;Yes;No;No;No;
;Tokio Marine Kiln;2026 TMK Actuarial & Analytics Internship Programme;26.Jan.26;13.Mar.26;;;AC;;Yes;Yes;;;
;Mercer;Summer Internship 2026;07.Oct.25;;;30.Sep.24;;;Yes;Yes;No;No;
;HDI Global;Actuarial Internship;05.Jan.26;22.Jan.26;;;VI > AC;;No;Yes;No;Yes;
;Everest;2026 Underwriting Internship Programme Scheme;29.Dec.25;27.Jan.26;;16.Sep.24;;;Yes;Yes;No;No;
;Barnett Waddingham;Summer Student - 2026 intake;09.Dec.25;17.Jan.26;;04.Dec.24;OA > TI > AC;;Yes;Yes;No;Yes;
;CFC;Insurance Internship - Summer 2026;05.Dec.25;27.Jan.26;;18.Dec.24;AC;;Yes;Yes;No;No;Video response as part of application
;Aegon;Actuarial Intern (Summer 2026);01.Dec.25;09.Jan.26;;18.Nov.24;OA > AC;;No;Yes;No;No;
;Allied World;Actuarial Summer Internship;25.Nov.25;27.Jan.26;;;;;Yes;Yes;No;No;
;AXA;2026 Summer Internship;20.Nov.25;30.Nov.25;;10.Jan.25;VI > VI;;Yes;Yes;No;No;
;Munich Re;Structured Credit Internship;02.Nov.25;27.Jan.26;;;;;Yes;Yes;Optional;No;
;Lockton;Insurance Summer Intern;24.Oct.25;27.Oct.25;;16.Dec.24;;;Yes;Yes;No;No;
;Hamilton Insurance Group;Hamilton Insurance Summer Internship;22.Oct.25;14.Nov.25;Offers Out;;;;Yes;Yes;Yes;No;
;Howden;Howden Re Summer Internship;13.Oct.25;10.Nov.25;;04.Feb.25;OA > HV > AC;;Yes;Yes;No;No;
;First Actuarial;Internship Opportunities 2026;09.Oct.25;27.Jan.26;;02.Oct.24;;;Yes;Yes;Yes;No;
;AAB Group;2026 Internship Opportunities;08.Oct.25;04.Nov.25;;;;;Yes;;;;
;Royal London;Summer Internship;08.Oct.25;07.Nov.25;;;;;Yes;Yes;Yes;No;
;Arch Insurance International;2026 Summer Internship;06.Oct.25;31.Jan.26;;07.Oct.24;VI;;No;Yes;No;Yes;
;Rothesay;Internship Programme;03.Oct.25;27.Jan.26;;17.Oct.24;;;Yes;Yes;Yes;No;
;Hymans Robertson;Pensions Governance & Investment Consulting: Summer Internship;30.Sep.25;01.Nov.25;;30.Sep.24;;;Yes;Yes;No;Yes;
;AIG;2026 Summer Internship;29.Sep.25;27.Jan.26;;15.Nov.24;;;Yes;Yes;No;Yes;
;Aon;Aon Summer Internship Programme 2026;24.Sep.25;05.Dec.25;;09.Oct.24;;Cut-e;Yes;Yes;Yes;Yes;
;Isio;2026 Internship Programme;22.Sep.25;28.Nov.25;;20.Sep.24;;;Yes;Yes;No;Yes;
;Zurich Insurance;Summer Internship 2026;09.Sep.25;25.Oct.25;Offers Out;08.Sep.24;;;Yes;Yes;Optional;No;
;WTW;2026 Actuarial Consultant Internship Programme;31.Aug.25;29.Sep.25;Offers Out;01.Sep.24;OA > HV > AC;;Yes;Yes;No;No;
;LCP;Consulting - Summer Internship 2026;31.Aug.25;27.Jan.26;Offers Out;06.Oct.24;OA > VI > AC;;Yes;No;No;Yes;
;;;;;;;;;;;;;
;Saffery;Summer Internship - June 2026;02.Feb.26;;Offers Out;;OA > VI > AC;;Yes;Yes;No;Yes;
;CT: Accountants Advisers;Summer Placement Programme 2026;30.Jan.26;;;;;;Yes;Yes;Yes;No;
;RSM;Internship 2026;29.Jan.26;;;;;;Yes;Yes;;;
;Legal & General;Intern Programme 2026;28.Jan.26;;;27.Nov.24;OA > HV > AC;;Yes;No;No;No;
;Midland Heart;Management Accountant - Internship (Summer);20.Jan.26;15.Feb.26;;;HV > AC > VI;;Yes;Yes;No;Yes;
;S&W;Internship Programme - July 2026;19.Sep.25;;HireVue;;;;Yes;Yes;Optional;No;
;Marsh McLennan;Summer Internship 2026;20.Jan.26;27.Jan.26;;;;;Yes;;;;
;EQ;Accounting Internship;20.Oct.25;27.Jan.26;;;;;Yes;Yes;Optional;No;
;P&G;Finance & Accounting Summer Internship 2026;01.Oct.25;31.Oct.25;;12.Sep.24;;P&G Prep;Yes;Yes;No;No;
;PKF Littlejohn;Summer Internship 2026;01.Oct.25;07.Nov.25;;26.Sep.24;;;Yes;Yes;No;No;
;Azets;Corporate Finance Summer Intern;01.Oct.25;07.Nov.25;;;;;Yes;Yes;No;No;
;GPFS;Accounting Internship - Summer 2026;23.Sep.25;27.Jan.26;;;;;Yes;Yes;No;No;Video responses as part of application
;Johnston Carmichael;Summer Internship - 2026;15.Sep.25;10.Oct.25;;;;;Yes;;;;
;Gartner;Account Management Internship, Summer 2026;07.Sep.25;27.Jan.26;;01.Oct.24;;;Yes;Yes;No;No;
;Grant Thornton;Internship Programme (Summer 2026);01.Sep.25;27.Jan.26;;02.Dec.24;;Kenexa;Yes;Yes;;;
;Meaden & Moore;Forensic Accounting Intern;;;;;;;Yes;Yes;;;
;;;;;;;;;;;;;
;British Business Bank;Summer Internship Programme 2026;04.Feb.26;;;;;;Yes;Yes;No;Yes;
;Chatham Financial;Intern, Financial Risk Advisory;02.Feb.26;;;;;;Yes;Yes;;;
;Blockchain.com;Finance Summer Intern;29.Jan.26;;;;;;Yes;Yes;No;No;
;Uber;2026 Business Development Intern;29.Jan.26;;;;;;Yes;Yes;;;
;Copper.co;Summer Internship 2026;14.Jan.26;13.Feb.26;;28.Jan.25;VI > AC;;Yes;Yes;Optional;No;
;Lendable;Credit Analyst Intern;13.Jan.26;;;;OA > VI > VI > AC;;Yes;Yes;No;Yes;
;Dow Jones;Summer 2026 Internship;12.Jan.26;27.Feb.26;;30.Sep.24;;;Yes;Yes;Yes;No;
;Baker Hughes;Emerging Talent - Finance 2026 Opportunities;09.Jan.26;;;;;;Yes;Yes;No;No;
;Allianz Insurance;Summer Intern 2026;22.Dec.25;;;;VI;Allianz Prep;Yes;;;;
;Amazon;Financial Analyst Intern;21.Nov.25;;;;;;Yes;Yes;No;No;
;S&P Global;2026 Summer Internship;19.Nov.25;;Offers Out;01.Oct.24;;;Yes;Yes;No;No;
;AlphaSights;Insight Days, Client Service;18.Nov.25;;;14.Oct.24;VI;;Yes;Yes;Optional;No;Can fast-track interview process for full-time positions
;Inverto;Summer internship: Procurement & supply chain consulting;28.Oct.25;;;;;;Yes;Yes;No;Yes;
;Private Equity Insights;Global Internship Program;27.Oct.25;;;;;;Yes;Yes;Optional;No;
;Coinbase;Internal Audit Intern;24.Oct.25;;;;;;Yes;Yes;Optional;No;
;Network Rail;Finance Summer Placement;17.Oct.25;;;;;;Yes;;;;
;NCR Atleos;Finance Internship - Summer 2026 (12 Weeks);06.Oct.25;;;;;;Yes;Yes;No;No;
;Tesco;Finance Internship;22.Sep.25;;;;;;Yes;Yes;No;No;
;Visa;Consulting & Analytics Intern;17.Sep.25;;Offers Out;15.Sep.24;OA > OA > VI > AC;;Yes;Yes;Optional;No;
;Tencent;Business Development Intern;15.Sep.25;;;;;;Yes;Yes;No;No;
;TikTok;Intern, 2026 Summer;22.Aug.25;;;;;;Yes;Yes;No;No;
;Bloomberg;2026 Analytics & Sales Summer Internship;16.Jan.26;27.Jan.26;;20.Nov.24;;Plum;Yes;Yes;Optional;Yes;Spanish speakers only
;FactSet;Internship (Summer 2026);14.Jan.26;27.Jan.26;;18.Jan.25;;;Yes;Yes;No;No;
;EBRD;Summer Intern, Economics;09.Jan.26;01.Feb.26;;;;;Yes;Yes;Optional;No;
;AstraZeneca;Finance Planning & Reporting Internship;06.Jan.26;20.Jan.26;;;;;Yes;Yes;No;Yes;
;TP ICAP;Summer Internship 2026;20.Nov.25;27.Jan.26;;15.Nov.24;;;Yes;Yes;No;No;
;Severn Trent;Finance Summer Placement;14.Nov.25;13.Jan.26;;26.Nov.24;;;No;Yes;Optional;No;
;WeChat Pay;Business Development Intern (Chinese speaking);04.Nov.25;27.Jan.26;;;;;Yes;Yes;No;No;Chinese required
;Bank of England;Penultimate Year Internship Programme;03.Nov.25;01.Dec.25;;11.Nov.24;;Talent-Q;Yes;Yes;Optional;Yes;
;British Airways;Summer Internship;03.Nov.25;19.Nov.25;;;;;Yes;No;No;No;
;ICE;Summer Internship Program 2026;13.Oct.25;27.Jan.26;;15.Nov.24;;;Yes;Yes;No;Yes;
;Tradeweb;2026 Summer Internship Program;12.Oct.25;23.Oct.25;Offers Out;;;;Yes;Yes;Optional;No;
;The Wall Street Journal;Business News Internship (Summer 2026);09.Oct.25;27.Jan.26;;;;;Yes;Yes;Yes;No;
;Financial Conduct Authority;2026 Summer Internship;08.Oct.25;15.Dec.25;;30.Sep.24;;;Yes;Yes;No;No;
;Capital One;Strategy Analyst Intern;06.Oct.25;03.Nov.25;HireVue;16.Sep.24;;;Yes;Yes;No;No;
;Sky;Summer Internship 2026;06.Oct.25;03.Nov.25;;25.Sep.24;;;Yes;Yes;No;No;
;Liberty Global;Finance Intern;03.Oct.25;27.Jan.26;;;OA > VI > TI > AC;;Yes;Yes;No;No;
;Moody's;Pricing and Packaging Strategy Intern;02.Oct.25;27.Jan.26;;16.Sep.24;;;Yes;Yes;No;No;
;Government Economic Service;Summer Placement Scheme;02.Oct.25;19.Oct.25;;;OA > VI;;Yes;No;No;Yes;
;Centrica;Finance Summer Internship;01.Oct.25;27.Jan.26;;01.Oct.24;;;Yes;Yes;No;No;
;Lenovo;Business Operations Intern, EMEA MBG;26.Sep.25;27.Jan.26;;;;;Yes;Yes;Optional;No;
;BAE Systems;Summer Intern;17.Sep.25;27.Jan.26;HireVue;12.Sep.24;;;Yes;No;No;No;
;Frontier Economics;2026 Economic Intern (Short-term);15.Sep.25;27.Jan.26;;16.Sep.24;;;Yes;Yes;No;Yes;
;American Express;Campus - Internship Programme;15.Sep.25;27.Jan.26;Offers Out;21.Sep.24;;;Yes;Yes;No;No;
;Google;Business Analyst Intern, 2026;15.Sep.25;24.Oct.25;;;;;Yes;Yes;Optional;No;
;London Stock Exchange Group;Summer Internship (2026);12.Sep.25;28.Nov.25;HireVue;08.Oct.24;OA > HV > AC;SHL;Yes;Yes;No;No;
;Apple;Finance Development Program (FDP) - Internship - Summer 2026;02.Jul.25;24.Aug.25;;;;;Yes;Yes;Yes;No;
;Revolut;Rev-celerator Internship Programme 2026;15.Jun.25;14.Dec.25;;25.Sep.24;;;Yes;Yes;No;No;
;Money Maze Podcast;2026 Summer Internship;;;;13.Sep.24;VI;;Yes;Yes;No;No;
;Dunelm;Finance Graduate Scheme;;;;30.Sep.24;;;Yes;Yes;No;No;
;Expedia;Finance Intern - 2026;;;;02.Oct.24;;;;;;;
;PitchBook;Data Operations Summer Intern;;;;02.Oct.24;;;Yes;Yes;Optional;Yes;
;PayPal;Financial Planning & Analysis Intern;;;;07.Oct.24;;;Yes;Yes;No;Yes;
;Genuit Group;Summer Intern - Finance;;;;01.Nov.24;;;No;Yes;No;No;
;Symphony;Intern, Accounting (Summer 2026);;;;11.Nov.24;;;Yes;Yes;Optional;No;
;Guy Carpenter;Summer Internship 2026;;;;18.Dec.24;;;Yes;Yes;No;No;
;National Audit Office;2026 Diversity Summer Internship;;;;19.Dec.24;;;Yes;Yes;No;No;Must qualify as social mobility, black heritage or female
;Bank of China;Internship Programme;;;;20.Jan.25;;;Yes;Yes;No;Yes;
;AJ Bell;Investments Internship 2026 - 4 Week Placement;;;;27.Jan.25;AC;;No;Yes;Yes;No;
;Forvis Mazars;Summer Internship 2026;;;;27.Jan.25;;;Yes;No;No;Yes;
;Menzies;Summer Internship;;;;27.Jan.25;;;Yes;Yes;Yes;No;
;Chatham Financial;Capital Markets Summer Analyst 2026;;;;28.Jan.25;;;Yes;Yes;Optional;Yes;
;Arkle Finance;Summer Internship Programme 2026;;;;06.Feb.25;AC;;No;Yes;Yes;No;
;Saltgate;Summer Programme 2026;;;;11.Feb.25;AC;;No;Yes;Yes;No;
;DCL Insurance;Summer Internships;;;;13.Feb.25;;;Yes;Yes;Yes;No;Apply via email
;Charles Taylor;Summer Internships;;;;24.Feb.25;;;Yes;Yes;Optional;No;
;KBRA UK;2026 Summer Intern;;;;24.Feb.25;;;Yes;Yes;Optional;No;
;Centre for Cities;Economic Research Internship;;;;07.Apr.25;;;Yes;No;No;Yes;
;MSCI;Index Client Coverage Summer Internship;;;;08.Apr.25;;;Yes;Yes;No;No;
;Hiscox;Summer Internship;;;;15.Apr.25;;;Yes;Yes;No;Yes;
;GLG;GLG London Summer Internship;;;;18.Apr.25;;;Yes;Yes;No;No;
;Ageas;Actuarial Intern;;;;;;;;;;;
;CME Group;Summer Internship;;;;;;;;;;;
;Cboe Global Markets;Intern;;;;;;;;;;;
;Dore Partnership;Summer Associate Programme;;;;;;;Yes;Yes;Yes;No;5 spaces, begins 3 July
;Fitch Ratings;Summer Internship Program 2026;;;;;;;Yes;;;;
;Hargreaves Lansdown;2026 Strive Internship;;;;;;;;;;;
;Mastercard;2026 Summer Internship Programme;;;;;;;Yes;Yes;No;No;
;Metrea;Investment Analyst Intern - Summer 2026;;;;;;;;;;;
;Morrinson Wealth;2026 Paid Summer Internship;;;;;VI > AC;;Yes;;;;
;PredictX;Paid Summer 2026 Internship;;;;;;;;;;;
;Sompo International;2026 Summer Intern;;;;;;;;Yes;Optional;No;
;Splunk;Business Development Intern (Summer 2026);;;;;;;;;;;
;Starling Bank;2026 Internship Opportunities;;;;;HV > AC;;Yes;Yes;No;Yes;
;USS;USS Summer Internship;;;;;;;;;;;